File, Size, Date
icon.png,4902,23/10/2023 18:33:01
main.py,2186,24/10/2023 23:20:41
archivos.csv,84,24/10/2023 23:30:56
main.sh,615,24/10/2023 23:29:28
tabla.csv,10210,24/10/2023 23:18:49
requirements.txt,270,23/10/2023 18:33:01
index.html,401,23/10/2023 18:33:01
README.md,2241,23/10/2023 18:33:01
preview.png,148033,23/10/2023 18:33:01
README.es.md,2649,23/10/2023 18:33:01
exclude,240,23/10/2023 18:32:59
HEAD,268,23/10/2023 18:33:01
master,268,23/10/2023 18:33:01
HEAD,268,23/10/2023 18:33:01
FETCH_HEAD,117,23/10/2023 18:34:42
HEAD,23,23/10/2023 18:33:01
pack-cdd398bb388ef081bec99130ed895567488efc4f.pack,1008396,23/10/2023 18:33:00
pack-b1c59c24e492ae6db9839125b5e55f667fc26420.pack,1720221,23/10/2023 18:34:42
pack-cdd398bb388ef081bec99130ed895567488efc4f.idx,3256,23/10/2023 18:33:00
pack-b1c59c24e492ae6db9839125b5e55f667fc26420.idx,37724,23/10/2023 18:34:42
post-update.sample,189,23/10/2023 18:32:59
update.sample,3650,23/10/2023 18:32:59
commit-msg.sample,896,23/10/2023 18:32:59
pre-merge-commit.sample,416,23/10/2023 18:32:59
push-to-checkout.sample,2783,23/10/2023 18:32:59
applypatch-msg.sample,478,23/10/2023 18:32:59
pre-applypatch.sample,424,23/10/2023 18:32:59
pre-commit.sample,1643,23/10/2023 18:32:59
pre-receive.sample,544,23/10/2023 18:32:59
pre-rebase.sample,4898,23/10/2023 18:32:59
prepare-commit-msg.sample,1492,23/10/2023 18:32:59
pre-push.sample,1374,23/10/2023 18:32:59
fsmonitor-watchman.sample,4655,23/10/2023 18:32:59
master,41,23/10/2023 18:33:01
HEAD,32,23/10/2023 18:33:01
description,73,23/10/2023 18:32:59
packed-refs,114,23/10/2023 18:33:01
index,8439,23/10/2023 18:33:01
config,417,23/10/2023 18:34:56
console_master.md,847,23/10/2023 18:33:01
dragon-ball-jokes.md,1060,23/10/2023 18:33:01
trophy.txt,6362,23/10/2023 18:33:01
jquery.png,16703,23/10/2023 18:33:01
js.png,22359,23/10/2023 18:33:01
breathecode.shadow.png,50556,23/10/2023 18:33:01
css3.png,26017,23/10/2023 18:33:01
c9.png,32484,23/10/2023 18:33:01
babel.png,31603,23/10/2023 18:33:01
scale.fix.js,536,23/10/2023 18:33:01
dropzone.js,64399,23/10/2023 18:33:01
webpack.png,17213,23/10/2023 18:33:01
html5.png,23612,23/10/2023 18:33:01
sass.png,33589,23/10/2023 18:33:01
hello.txt,5152,23/10/2023 18:33:01
the-mostboring-text.txt,125,23/10/2023 18:33:01
myfirstcopy.txt,125,23/10/2023 18:33:01
rigoberto.jpg,39760,23/10/2023 18:33:01
the-ultimate-joke.txt,71,23/10/2023 18:33:01
borat.success.jpg,23817,23/10/2023 18:33:01
einstein.png,146291,23/10/2023 18:33:01
scared-baby.jpg,29596,23/10/2023 18:33:01
regexer.1.css,2730,23/10/2023 18:33:01
rigoberto.1.jpg,39760,23/10/2023 18:33:01
keyboard.html,5802,23/10/2023 18:33:01
regexer.js,21931,23/10/2023 18:33:01
baby.jpg,112284,23/10/2023 18:33:01
keyboard.1.html,5802,23/10/2023 18:33:01
scared-baby.1.jpg,29596,23/10/2023 18:33:01
kids.1.jpg,57184,23/10/2023 18:33:01
view-source_projects.breathecode.local_p_php_senior_msql_mysql-tester_.htm,396,23/10/2023 18:33:01
mouse.html,4460,23/10/2023 18:33:01
script.js,1461,23/10/2023 18:33:01
baby.success.1.jpg,26481,23/10/2023 18:33:01
einstein.1.png,146291,23/10/2023 18:33:01
mouse.1.html,4460,23/10/2023 18:33:01
valid.png,1479,23/10/2023 18:33:01
regexer.css,2730,23/10/2023 18:33:01
forms.1.html,4597,23/10/2023 18:33:01
baby.success.jpg,26481,23/10/2023 18:33:01
invalid.png,9967,23/10/2023 18:33:01
forms.html,4597,23/10/2023 18:33:01
frame.1.html,3732,23/10/2023 18:33:01
invalid.png,9967,23/10/2023 18:33:01
kids.jpg,57184,23/10/2023 18:33:01
borat.success.1.jpg,23817,23/10/2023 18:33:01
frame.html,3732,23/10/2023 18:33:01
regexer.1.js,21931,23/10/2023 18:33:01
.babelrc,595,23/10/2023 18:33:01
validate-integrity.yml,284,23/10/2023 18:33:01
.gitignore,33,23/10/2023 18:33:01
index.js,823,23/10/2023 18:33:01
server.js,785,23/10/2023 18:33:01
Untitled,0,23/10/2023 18:33:01
package-lock.json,874646,23/10/2023 18:33:01
preview.png,148033,23/10/2023 18:33:01
data.json,1796,23/10/2023 18:33:01
index.js,3532,23/10/2023 18:33:01
archivos.csv,17,24/10/2023 23:20:23
learn.json,514,23/10/2023 18:33:01
devcontainer.json,785,23/10/2023 18:33:01
webpack.config.js,1325,23/10/2023 18:33:01
package.json,1903,23/10/2023 18:33:01
